Player,First Season,Most Recent Season,Height,Birthplace,All Star Selections,HallofFame,League Status,G,GS,MP,TRB,AST,STL,BLK,PTS,FG%,eFG%,FT%,TS%,3P%
Manute Bol,1986,1995,7-7,Gogrial West County,0,No,Inactive,624,133,11698,2647,171,126,2086,1599,0.407,0.42,0.561,0.441,0.21
Gheorghe Mureșan,1994,2000,7-7,Tritenii de Jos,0,No,Inactive,307,207,6729,1957,150,171,455,3020,0.573,0.573,0.644,0.594,0
Shawn Bradley,1994,2005,7-6,Landstuhl,0,No,Inactive,832,484,19531,5268,573,532,2119,6752,0.457,0.457,0.716,0.5,0.103
Yao Ming,2003,2011,7-6,Shanghai,8,Yes,Inactive,486,476,15818,4494,769,189,920,9247,0.524,0.525,0.833,0.596,0.2
Sim Bhullar,2015,2015,7-5,Toronto,0,No,Inactive,3,0,3,1,1,0,1,2,0.5,0.5,,0.5,
Chuck Nevitt,1983,1994,7-5,Cortez,0,No,Inactive,155,0,826,239,19,18,111,251,0.438,0.438,0.589,0.473,
Pavel Podkolzin,2005,2006,7-5,Novosibirsk,0,No,Inactive,6,0,28,9,0,0,1,4,0,0,0.5,0.362,
Slavko Vraneš,2004,2004,7-5,Belgrade,0,No,Inactive,1,0,3,0,0,0,0,0,0,0,,0,
Mark Eaton,1983,1993,7-4,Westminster,1,No,Inactive,875,815,25169,6939,840,368,3064,5216,0.458,0.458,0.649,0.496,0
Priest Lauderdale,1997,1998,7-4,Chicago,0,No,Inactive,74,0,525,143,33,8,26,255,0.472,0.472,0.554,0.497,0
Ralph Sampson,1984,1992,7-4,Harrisonburg,4,Yes,Inactive,456,363,13591,4011,1038,390,752,7039,0.486,0.487,0.661,0.518,0.172
Rik Smits,1989,2000,7-4,Eindhoven,1,No,Inactive,867,792,23100,5277,1215,372,1111,12871,0.507,0.507,0.773,0.548,0.115
Randy Breuer,1984,1994,7-3,Lake City,0,No,Inactive,681,285,12499,2986,616,305,750,4599,0.467,0.467,0.628,0.497,0
Keith Closs,1998,2000,7-3,Hartford,0,No,Inactive,130,7,1647,372,44,28,163,502,0.471,0.471,0.606,0.502,0
Swede Halbrook,1961,1962,7-3,Portland,0,No,Inactive,143,,2039,949,64,,,786,0.347,0.347,0.591,0.388,
Žydrūnas Ilgauskas,1998,2011,7-3,Kaunas,2,No,Inactive,843,724,22965,6191,955,421,1327,10976,0.476,0.478,0.78,0.534,0.31
Boban Marjanović,2016,2019,7-3,Zaječar,0,No,Active,172,16,1647,669,86,41,70,1039,0.584,0.584,0.772,0.645,0
Tibor Pleiß,2016,2016,7-3,Bergisch Gladbach,0,No,Inactive,12,0,82,15,2,1,2,24,0.44,0.44,1,0.464,0
Kristaps Porziņģis,2016,2018,7-3,Liepāja,1,No,Actvie,186,185,5764,1317,248,136,378,3312,0.437,0.488,0.804,0.535,0.361
Aleksandar Radojević,2000,2005,7-3,Herceg Novi,0,No,Inactive,15,6,152,36,7,2,3,26,0.308,0.308,0.625,0.393,
Peter John Ramos,2005,2005,7-3,Fajardo,0,No,Inactive,6,0,20,4,0,0,1,11,0.5,0.5,0.5,0.506,
Arvydas Sabonis,1996,2003,7-3,Kaunas,0,Yes,Inactive,470,314,11375,3436,964,370,494,5629,0.5,0.517,0.786,0.574,0.328
Ha Seung-Jin,2005,2006,7-3,Seoul,0,No,Inactive,46,4,316,67,3,4,13,70,0.519,0.519,0.5,0.528,
Walter Tavares,2016,2017,7-3,Maio Island,0,No,Inactive,13,0,101,32,4,1,12,33,0.625,0.625,0.273,0.572,
Hasheem Thabeet,2010,2014,7-3,Dar es Salaam,0,No,Inactive,224,20,2357,595,27,59,184,483,0.567,0.567,0.578,0.587,
Kareem Abdul-Jabbar,1970,1989,7-2,New York City,19,Yes,Inactive,1560,625,57446,17440,5660,1160,3189,38387,0.559,0.559,0.721,0.592,0.056
Alexis Ajinça,2009,2017,7-2,Saint-Étienne,0,No,Inactive,293,76,3905,1150,143,102,181,1553,0.503,0.507,0.797,0.546,0.286
Martynas Andriuškevičius,2006,2006,7-2,Kaunas,0,No,Inactive,6,0,9,4,0,2,0,0,0,0,,0,
Primož Brezec,2002,2010,7-2,Postojna,0,No,Inactive,342,214,6192,1327,179,69,134,2452,0.498,0.498,0.701,0.533,0.167
Tommy Burleson,1975,1981,7-2,Crossnore,0,No,Inactive,446,,9425,2794,601,312,591,4190,0.445,0.445,0.726,0.503,0
James Donaldson,1981,1995,7-2,Heacham,1,No,Inactive,957,659,26222,7492,765,336,1267,8203,0.571,0.571,0.732,0.618,
Ralph Drollinger,1981,1981,7-2,La Mesa,0,No,Inactive,6,,67,19,14,1,2,15,0.5,0.5,0.25,0.476,
Artis Gilmore,1977,1988,7-2,Chipley,11,Yes,Inactive,909,476,29685,9161,1777,470,1747,15579,0.599,0.599,0.713,0.643,0.077
Pétur Guðmundsson,1982,1989,7-2,Reykjavík,0,No,Inactive,150,20,2060,563,153,35,96,693,0.494,0.495,0.754,0.56,0.5
Hamed Haddadi,2009,2013,7-2,Ahvaz,0,No,Inactive,151,0,1056,372,43,11,92,339,0.463,0.463,0.632,0.504,0
Thomas Hamilton,1996,2000,7-2,Chicago,0,No,Inactive,33,7,343,112,16,4,23,107,0.4,0.4,0.463,0.418,
Roy Hibbert,2009,2017,7-2,Queens,2,No,Inactive,662,586,16389,4173,885,241,1146,6611,0.465,0.465,0.755,0.514,0.25
Garth Joseph,2001,2001,7-2,Roseau,0,No,Inactive,4,0,16,2,1,0,1,2,0.2,0.2,0,0.17,
Rich King,1992,1995,7-2,Lincoln,0,No,Inactive,72,2,309,74,21,5,7,135,0.393,0.393,0.662,0.471,0
Luc Longley,1992,2001,7-2,Melbourne,0,No,Inactive,567,362,12006,2794,836,278,549,4090,0.462,0.462,0.76,0.503,0
Salah Mejri,2016,2019,7-2,Jendouba,0,No,Active,193,22,2248,741,76,68,174,606,0.615,0.619,0.597,0.629,0.2
Dikembe Mutombo,1992,2009,7-2,Kinshasa,8,Yes,Inactive,1196,997,36791,12359,1240,494,3289,11729,0.518,0.518,0.684,0.573,0
Martin Nessley,1988,1988,7-2,Columbus,0,No,Inactive,44,0,336,82,16,8,12,48,0.385,0.385,0.444,0.401,
Alan Ogg,1991,1993,7-2,Lancaster,0,No,Inactive,80,1,657,133,13,12,58,175,0.493,0.493,0.568,0.511,0
Greg Ostertag,1996,2006,7-2,Dallas,0,No,Inactive,756,321,14753,4145,443,189,1293,3512,0.486,0.486,0.569,0.516,0.1
Tom Payne,1972,1972,7-2,California,0,No,Inactive,29,,227,69,15,,,119,0.437,0.437,0.63,0.483,
Kosta Perović,2008,2008,7-2,Osijek,0,No,Inactive,7,0,38,13,1,0,2,10,0.3,0.3,0.667,0.396,
Bruno Šundov,1999,2005,7-2,Split,0,No,Inactive,102,4,524,107,18,15,14,173,0.356,0.367,0.526,0.375,0.208
Cezary Trybański,2003,2004,7-2,Warsaw,0,No,Inactive,22,0,101,15,1,1,7,15,0.208,0.208,0.417,0.256,
Jake Tsakalidis,2001,2007,7-2,Rustavi,0,No,Inactive,315,168,5005,1238,101,73,223,1497,0.49,0.49,0.657,0.531,0
Stojko Vranković,1991,1999,7-2,Drniš,0,No,Inactive,170,73,2050,516,59,22,179,473,0.477,0.477,0.598,0.502,
Luther Wright,1994,1994,7-2,Jersey City,0,No,Inactive,15,2,92,10,0,1,2,19,0.348,0.348,0.75,0.384,0
Solomon Alabi,2011,2012,7-1,Kaduna,0,No,Inactive,26,0,181,61,5,4,11,39,0.314,0.314,0.7,0.352,
Deandre Ayton,2019,2019,7-1,Nassau,0,No,Active,63,62,1953,649,118,54,56,1030,0.583,0.583,0.757,0.608,0
Dalibor Bagarić,2001,2003,7-1,Munich,0,No,Inactive,95,0,973,238,37,29,43,251,0.361,0.361,0.559,0.4,0
Dragan Bender,2017,2019,7-1,Čapljina,0,No,Active,158,51,3079,563,180,39,81,795,0.383,0.489,0.674,0.503,0.329
Uwe Blab,1986,1990,7-1,Munich,0,No,Inactive,235,34,1966,413,102,19,85,505,0.433,0.433,0.608,0.481,
Sam Bowie,1985,1995,7-1,Lebanon,0,No,Inactive,511,349,14098,3845,1075,263,909,5564,0.452,0.456,0.748,0.51,0.302
Bill Cartwright,1980,1995,7-1,Lodi,1,No,Inactive,963,676,27491,6106,1390,460,668,12713,0.525,0.525,0.771,0.588,0
Ron Cavenall,1985,1989,7-1,Beaumont,0,No,Inactive,58,2,669,168,19,12,44,84,0.337,0.337,0.545,0.388,
Wilt Chamberlain,1960,1973,7-1,Philadelphia,13,Yes,Inactive,1045,,47859,23924,4643,,,31419,0.54,0.54,0.511,0.547,
Tyson Chandler,2002,2019,7-1,Hanford,1,No,Active,1132,881,31369,10391,961,624,1326,9469,0.596,0.596,0.645,0.625,0
Rastko Cvetković,1996,1996,7-1,Belgrade,0,No,Inactive,14,0,48,11,3,2,1,10,0.313,0.313,0,0.282,0
Vlade Divac,1990,2005,7-1,Prijepolje,1,No,Inactive,1134,979,33838,9326,3541,1288,1631,13398,0.495,0.5,0.692,0.543,0.235
Greg Dreiling,1987,1997,7-1,Wichita,0,No,Inactive,474,94,4241,1018,186,82,137,1014,0.467,0.469,0.649,0.517,0.333
Rolando Ferreira,1989,1989,7-1,Curitiba,0,No,Inactive,12,0,34,13,1,0,1,9,0.056,0.056,0.875,0.209,
Kyrylo Fesenko,2008,2012,7-1,Dnipro,0,No,Inactive,135,7,1107,269,40,19,53,305,0.496,0.496,0.41,0.49,0
Greg Fillmore,1971,1972,7-1,Philadelphia,0,No,Inactive,49,,338,108,20,,,118,0.403,0.403,0.467,0.415,
Marc Gasol,2009,2019,7-1,Barcelona,3,No,Active,781,767,26191,6016,2682,719,1146,11791,0.483,0.5,0.777,0.556,0.343
Andreas Glyniadakis,2007,2007,7-1,Chania,0,No,Inactive,13,4,81,8,1,0,0,17,0.471,0.471,0.5,0.475,
Rudy Gobert,2014,2019,7-1,Saint-Quentin,0,No,Active,392,300,11213,4097,522,266,860,4271,0.622,0.622,0.632,0.646,0
Spencer Hawes,2008,2017,7-1,Seattle,0,No,Inactive,684,368,15541,3893,1271,264,652,5932,0.457,0.49,0.716,0.514,0.35
Tito Horford,1989,1994,7-1,"La Romana, La Romana",0,No,Inactive,63,0,376,84,5,7,26,93,0.3,0.3,0.628,0.361,
Nate Huffman,2003,2003,7-1,Battle Creek,0,No,Inactive,7,0,76,23,5,1,3,23,0.36,0.36,0.625,0.403,
Mile Ilić,2007,2007,7-1,Tuzla,0,No,Inactive,5,0,6,1,0,0,0,0,0,0,,0,
Mario Kasun,2005,2006,7-1,Split,0,No,Inactive,73,0,569,188,11,10,16,198,0.467,0.467,0.636,0.505,0
Luke Kornet,2018,2019,7-1,Lantana,0,No,Inactive,54,14,863,148,64,28,38,359,0.38,0.503,0.8,0.527,0.369
Ognjen Kuzmić,2014,2015,7-1,Doboj,0,No,Inactive,37,0,164,38,8,5,5,35,0.52,0.52,0.6,0.554,
Alex Len,2014,2019,7-1,Antratsyt,0,No,Active,400,165,7931,2538,326,164,403,3097,0.486,0.497,0.699,0.543,0.327
Gary Leonard,1990,1992,7-1,Belleville,0,No,Inactive,31,0,149,34,2,4,10,44,0.459,0.459,0.5,0.48,0
Meyers Leonard,2013,2019,7-1,Robinson,0,No,Active,387,41,5998,1443,328,69,112,2144,0.477,0.555,0.823,0.581,0.387
Thon Maker,2017,2019,7-1,"Wau, South Sudan",0,No,Active,180,46,2439,479,102,63,112,813,0.424,0.491,0.648,0.519,0.328
Jim McIlvaine,1995,2001,7-1,Racine,0,No,Inactive,401,214,5927,1243,105,136,691,1072,0.446,0.447,0.551,0.475,0.1
Timofey Mozgov,2011,2018,7-1,Saint Petersburg,0,No,Active,454,273,8181,2225,250,139,383,3072,0.535,0.537,0.738,0.578,0.19
Shaquille O'Neal,1993,2011,7-1,Newark,15,Yes,Inactive,1207,1197,41918,13099,3026,739,2732,28596,0.582,0.582,0.527,0.586,0.045
Walter Palmer,1991,1993,7-1,Ithaca,0,No,Inactive,48,0,209,65,11,4,9,100,0.412,0.412,0.667,0.444,0
Georgios Papagiannis,2017,2018,7-1,Marousi,0,No,Inactive,39,0,477,123,29,7,23,160,0.514,0.514,0.857,0.533,0
Tom Piotrowski,1984,1984,7-1,West Chester,0,No,Inactive,18,0,78,16,5,1,3,30,0.462,0.462,1,0.524,
Joel Przybilla,2001,2013,7-1,Monticello,0,No,Inactive,592,397,11733,3665,256,157,836,2293,0.552,0.552,0.557,0.568,0
Zhou Qi,2018,2019,7-1,Henan,0,No,Active,19,0,125,22,2,2,14,24,0.212,0.242,0.667,0.313,0.105
David Robinson,1990,2003,7-1,Key West,10,Yes,Inactive,987,985,34271,10497,2441,1388,2954,20790,0.518,0.519,0.736,0.583,0.25
Mitchell Robinson,2019,2019,7-1,Pensacola,0,No,Active,52,12,985,283,28,39,126,353,0.7,0.7,0.585,0.694,
Tree Rollins,1978,1995,7-1,Winter Haven,0,No,Inactive,1156,463,24028,6750,660,512,2542,6249,0.522,0.522,0.7,0.555,0
Cheikh Samb,2008,2009,7-1,Dakar,0,No,Inactive,22,0,114,31,1,4,12,22,0.25,0.25,0.444,0.275,0
Daniel Santiago,2001,2005,7-1,Lubbock,0,No,Inactive,122,30,1418,260,38,39,47,417,0.469,0.469,0.685,0.525,
Luke Schenscher,2006,2007,7-1,Hope Forest,0,No,Inactive,31,0,267,54,8,3,7,55,0.469,0.469,0.45,0.476,
Dwayne Schintzius,1991,1999,7-1,Brandon,0,No,Inactive,217,33,1950,536,93,30,117,587,0.404,0.405,0.638,0.429,0.125
Ralph Siewert,1947,1947,7-1,Bloomfield Hills,0,No,Inactive,21,,,,4,,,20,0.136,0.136,0.533,0.198,
Nick Vanos,1986,1987,7-1,San Mateo,0,No,Inactive,68,14,842,240,59,21,28,222,0.383,0.383,0.561,0.417,0
Ratko Varda,2002,2002,7-1,Gradiška,0,No,Inactive,1,0,6,1,0,0,0,5,0.667,0.667,1,0.727,
Marvin Webster,1977,1987,7-1,Baltimore,0,No,Inactive,579,37,12966,4044,722,219,829,4137,0.489,0.489,0.617,0.527,0.333
Matt Wenstrom,1994,1994,7-1,Minneapolis,0,No,Inactive,11,0,37,12,0,0,2,18,0.6,0.6,0.6,0.625,
Loren Woods,2002,2008,7-1,St. Louis,0,No,Inactive,215,47,2428,682,74,55,128,555,0.419,0.42,0.642,0.47,0.143
Jim Zoet,1983,1983,7-1,Uxbridge,0,No,Inactive,7,0,30,8,1,1,3,2,0.2,0.2,,0.2,
Ivica Zubac,2017,2019,7-1,Mostar,0,No,Active,127,36,1799,546,103,30,86,848,0.532,0.532,0.752,0.571,0
Steven Adams,2014,2019,7-0,Rotorua,0,No,Active,453,389,12089,3322,449,405,442,4348,0.59,0.59,0.559,0.597,0
Chris Anstey,1998,2000,7-0,Melbourne,0,No,Inactive,155,23,2157,534,127,78,65,813,0.413,0.416,0.755,0.477,0.138
Ömer Aşık,2011,2018,7-0,Bursa,0,No,Active,471,262,9216,3362,280,167,339,2479,0.528,0.528,0.551,0.548,0
Miloš Babić,1991,1992,7-0,Kraljevo,0,No,Inactive,21,0,87,20,10,2,1,37,0.375,0.375,0.65,0.453,
Carl Bailey,1982,1982,7-0,Birmingham,0,No,Inactive,1,0,7,0,0,0,0,2,1,1,,1,
Mohamed Bamba,2019,2019,7-0,Harlem,0,No,Active,47,1,766,233,39,13,64,292,0.481,0.525,0.587,0.539,0.3
Andrea Bargnani,2007,2016,7-0,Rome,0,No,Inactive,550,377,15806,2541,653,207,470,7873,0.439,0.486,0.824,0.531,0.354
Earl Barron,2006,2015,7-0,Clarksdale,0,No,Inactive,140,31,1985,492,63,46,30,640,0.371,0.373,0.702,0.417,0.167
Vic Bartolome,1972,1972,7-0,Santa Barbara,0,No,Inactive,38,,165,60,3,,,34,0.254,0.254,0.8,0.278,
William Bedford,1987,1993,7-0,Memphis,0,No,Inactive,238,30,2514,573,109,37,126,964,0.416,0.419,0.605,0.446,0.318
Benoit Benjamin,1986,2000,7-0,Monroe,0,No,Inactive,807,614,21911,6063,1070,522,1581,9223,0.497,0.497,0.721,0.544,0.048
Mark Blount,2001,2009,7-0,Dobbs Ferry,0,No,Inactive,605,393,13981,2784,513,327,508,4941,0.504,0.508,0.723,0.545,0.359
Tom Boerwinkle,1969,1978,7-0,Cleveland,0,No,Inactive,635,,14387,5745,2007,110,138,4596,0.453,0.453,0.675,0.491,
Andrew Bogut,2006,2018,7-0,Melbourne,0,No,Inactive,694,656,19728,6057,1535,439,1083,6769,0.535,0.535,0.556,0.545,0.12
Curtis Borchardt,2004,2005,7-0,Buffalo,0,No,Inactive,83,23,1117,278,64,14,46,258,0.421,0.421,0.742,0.483,0
Ruben Boumtje-Boumtje,2002,2004,7-0,Edéa,0,No,Inactive,44,1,276,57,6,4,17,43,0.368,0.368,0.556,0.431,
Mike Brittain,1986,1987,7-0,Clearwater,0,No,Inactive,38,2,248,53,7,4,12,63,0.5,0.5,0.524,0.514,
Ernest Brown,2002,2002,7-0,The Bronx,0,No,Inactive,3,0,21,6,0,0,1,3,0.167,0.167,0.25,0.193,
Wallace Bryant,1984,1986,7-0,Madrid,0,No,Inactive,102,43,1395,374,112,35,40,323,0.407,0.407,0.573,0.435,
Andrew Bynum,2006,2014,7-0,Plainsboro Township,1,No,Inactive,418,319,10690,3221,490,133,657,4822,0.556,0.556,0.69,0.592,0.111
Joe Barry Carroll,1981,1991,7-0,Pine Bluff,1,No,Inactive,705,533,22838,5404,1264,687,1121,12455,0.474,0.474,0.747,0.519,0
Willie Cauley-Stein,2016,2019,7-0,Spearville,0,No,Active,280,184,6719,1758,453,259,222,2825,0.529,0.53,0.611,0.551,0.222
Duane Causwell,1991,2001,7-0,Queens,0,No,Inactive,541,262,9409,2273,243,220,767,2648,0.507,0.508,0.618,0.541,0.286
Charles Claxton,1996,1996,7-0,Saint Thomas,0,No,Inactive,3,0,7,2,0,0,1,2,0.5,0.5,0,0.347,
John Coker,1996,2001,7-0,Richland,0,No,Inactive,25,0,141,29,3,2,3,41,0.409,0.409,0.833,0.44,
Jason Collier,2001,2005,7-0,Springfield,0,No,Inactive,151,65,2178,443,51,36,32,841,0.455,0.46,0.738,0.502,0.35
Jason Collins,2002,2014,7-0,Northridge,0,No,Inactive,735,477,14974,2706,626,368,359,2621,0.411,0.412,0.647,0.474,0.206
Zach Collins,2018,2019,7-0,Las Vegas,0,No,Active,129,1,2151,484,111,40,80,689,0.43,0.484,0.732,0.517,0.313
Mel Counts,1965,1976,7-0,Coos Bay,0,No,Inactive,789,,13723,4756,1100,85,74,6516,0.435,0.435,0.764,0.479,
Ron Crevier,1986,1986,7-0,Montreal,0,No,Inactive,3,0,4,1,0,0,0,0,0,0,0,0,
Eddy Curry,2002,2013,7-0,Harvey,0,No,Inactive,527,411,13109,2725,287,155,384,6820,0.545,0.545,0.642,0.581,1
Yinka Dare,1995,1998,7-0,Kano,0,No,Inactive,110,25,1002,281,4,12,70,233,0.396,0.396,0.57,0.441,
Brad Daugherty,1987,1994,7-0,Black Mountain,5,No,Inactive,548,546,20029,5227,2028,422,397,10389,0.532,0.532,0.747,0.59,0.143
Dewayne Dedmon,2014,2019,7-0,Lancaster,0,No,Active,343,169,6237,2050,244,183,295,2182,0.534,0.571,0.722,0.599,0.367
DeSagana Diop,2002,2013,7-0,Dakar,0,No,Inactive,601,93,8403,2219,270,227,630,1185,0.427,0.428,0.467,0.441,0.167
Kevin Duckworth,1987,1997,7-0,Harvey,2,No,Inactive,684,527,17462,3945,598,329,316,8085,0.468,0.468,0.736,0.515,0.208
Walter Dukes,1956,1963,7-0,Rochester,2,No,Inactive,553,,14671,6223,608,,,5765,0.369,0.369,0.7,0.451,
James Edwards,1978,1996,7-0,Seattle,0,No,Inactive,1168,467,28356,6004,1499,420,867,14862,0.495,0.495,0.698,0.539,0.048
John Edwards,2005,2006,7-0,Warren,0,No,Inactive,65,5,435,67,8,6,19,99,0.447,0.447,0.6,0.471,
Francisco Elson,2004,2012,7-0,Rotterdam,0,No,Inactive,472,149,7207,1638,260,228,255,1726,0.478,0.479,0.7,0.511,0.188
Joel Embiid,2017,2019,7-0,Yaoundé,2,No,Active,150,150,4582,1692,458,102,296,3595,0.479,0.512,0.79,0.583,0.313
Semih Erden,2011,2012,7-0,Istanbul,0,No,Inactive,69,17,928,190,29,25,29,262,0.546,0.546,0.594,0.571,
Patrick Ewing,1986,2002,7-0,Kingston,11,Yes,Inactive,1183,1122,40594,11607,2215,1136,2894,24815,0.504,0.505,0.74,0.553,0.152
Hank Finkel,1967,1975,7-0,Union City,0,No,Inactive,551,,6866,2151,426,10,10,2790,0.449,0.449,0.662,0.487,
Jeff Foote,2012,2012,7-0,Barton,0,No,Inactive,4,0,39,6,0,0,1,4,0.333,0.333,,0.333,
Channing Frye,2006,2019,7-0,White Plains,0,No,Active,886,444,19742,3998,863,457,540,7768,0.44,0.519,0.822,0.546,0.387
Pau Gasol,2002,2019,7-0,Barcelona,6,No,Active,1226,1150,41001,11305,3925,606,1941,20894,0.507,0.513,0.753,0.565,0.368
Matt Geiger,1993,2002,7-0,Salem,0,No,Inactive,552,214,12221,3158,388,306,347,5059,0.499,0.501,0.728,0.542,0.232
Ben Gillery,1989,1989,7-0,Detroit,0,No,Inactive,24,0,84,23,2,2,4,25,0.316,0.316,0.565,0.429,
Jim Grandholm,1991,1991,7-0,Elkhart,0,No,Inactive,26,0,168,50,8,2,8,79,0.517,0.595,0.476,0.587,0.529
Paul Grant,1999,2004,7-0,Pittsburgh,0,No,Inactive,16,0,111,18,3,2,1,29,0.448,0.448,0.375,0.446,
Aaron Gray,2008,2014,7-0,Tarzana,0,No,Inactive,318,87,3851,1190,207,94,87,1066,0.509,0.509,0.562,0.528,0
Stuart Gray,1985,1991,7-0,Panama Canal Zone,0,No,Inactive,386,5,3457,1020,148,64,133,906,0.446,0.446,0.663,0.497,0
Steve Hamer,1997,1997,7-0,Memphis,0,No,Inactive,35,3,268,60,7,2,4,76,0.526,0.526,0.552,0.545,0
Justin Hamilton,2014,2017,7-0,Newport Beach,0,No,Inactive,113,21,1961,403,91,61,73,687,0.464,0.523,0.798,0.552,0.309
Geert Hammink,1994,1996,7-0,Didam,0,No,Inactive,8,0,27,7,2,0,0,14,0.4,0.4,0.667,0.501,
A. J. Hammons,2017,2017,7-0,"Mouth of Wilson, Virginia",0,No,Inactive,22,0,163,36,4,1,13,48,0.405,0.464,0.45,0.472,0.5
Reggie Harding,1964,1968,7-0,Detroit,0,No,Inactive,205,,5529,1865,343,,,1839,0.413,0.413,0.607,0.439,
David Harrison,2005,2008,7-0,Nashville,0,No,Inactive,189,33,2686,549,47,64,185,949,0.53,0.53,0.525,0.543,
Isaiah Hartenstein,2019,2019,7-0,Eugene,0,No,Active,27,0,220,47,14,7,12,53,0.488,0.512,0.786,0.562,0.333
Steve Hayes,1982,1986,7-0,American Falls,0,No,Inactive,212,3,2296,526,85,32,102,545,0.482,0.482,0.5,0.493,0
Brendan Haywood,2002,2015,7-0,New York City,0,No,Inactive,816,549,18680,4875,442,320,1109,5538,0.528,0.528,0.587,0.555,0
Steven Hill,2009,2009,7-0,Chanute,0,No,Inactive,1,0,2,3,0,0,0,2,1,1,,1,
Donald Hodge,1992,1996,7-0,"Washington, D.C.",0,No,Inactive,249,35,3501,809,191,84,95,1182,0.437,0.439,0.711,0.487,0.286
Ryan Hollins,2007,2016,7-0,Pasadena,0,No,Inactive,518,76,6134,1140,151,94,271,1913,0.584,0.584,0.649,0.62,0
Steven Hunter,2002,2010,7-0,Chicago,0,No,Inactive,400,130,5993,1264,79,49,422,1817,0.56,0.56,0.485,0.558,0
D. J. Mbenga,2005,2011,7-0,Kinshasa,0,No,Inactive,234,4,1566,351,41,37,141,414,0.47,0.47,0.607,0.49,0
Jerome James,1999,2009,7-0,Tampa,0,No,Inactive,358,180,4771,1099,118,92,384,1540,0.485,0.485,0.617,0.51,0
Les Jepsen,1991,1992,7-0,Bowbells,0,No,Inactive,52,0,192,67,2,2,8,53,0.333,0.333,0.65,0.385,0
Yi Jianlian,2008,2012,7-0,Heshan,0,No,Inactive,272,163,6038,1339,192,136,184,2148,0.404,0.423,0.78,0.474,0.333
Dakari Johnson,2018,2018,7-0,Brooklyn,0,No,Inactive,31,6,161,34,8,6,8,55,0.564,0.564,0.55,0.575,
Nikola Jokić,2016,2019,7-0,Sombor,1,No,Active,293,252,8256,2777,1499,322,208,4725,0.523,0.56,0.833,0.606,0.353
Damian Jones,2017,2019,7-0,Baton Rouge,0,No,Active,49,22,584,112,30,14,32,174,0.643,0.643,0.577,0.645,
Earl Jones,1985,1986,7-0,Oak Hill,0,No,Inactive,14,0,50,10,4,0,1,13,0.385,0.385,0.75,0.44,
Jerome Jordan,2012,2015,7-0,Kingston,0,No,Inactive,65,0,491,132,17,9,21,180,0.528,0.528,0.852,0.597,
Chris Kaman,2004,2016,7-0,Wyoming,1,No,Inactive,735,538,19642,5582,921,322,931,8208,0.489,0.489,0.743,0.525,0.042
Frank Kaminsky,2016,2019,7-0,Lisle,0,No,Active,267,23,5911,1050,424,125,102,2577,0.418,0.49,0.758,0.526,0.351
Rich Kelley,1976,1986,7-0,San Mateo,0,No,Inactive,814,126,17711,5678,2092,694,749,6199,0.488,0.488,0.783,0.565,0
Alex Kirk,2015,2015,7-0,Los Alamos,0,No,Inactive,5,0,14,1,1,0,0,4,0.25,0.25,1,0.41,
Travis Knight,1997,2003,7-0,Salt Lake City,0,No,Inactive,371,58,4566,1160,224,136,220,1276,0.438,0.444,0.696,0.48,0.259
Jon Koncak,1986,1996,7-0,Cedar Rapids,0,No,Inactive,784,379,16409,3856,785,542,791,3520,0.47,0.473,0.597,0.499,0.226
Len Kosmalski,1975,1976,7-0,Cleveland,0,No,Inactive,76,,506,144,53,9,10,110,0.398,0.398,0.778,0.463,
Kosta Koufos,2009,2019,7-0,Canton,0,No,Active,676,229,11150,3414,349,289,501,3869,0.535,0.535,0.582,0.546,0
Viacheslav Kravtsov,2013,2014,7-0,Odessa,0,No,Inactive,45,0,283,62,10,5,10,97,0.672,0.672,0.333,0.6,
Nenad Krstić,2005,2011,7-0,Kraljevo,0,No,Inactive,419,373,10547,2261,346,162,286,4210,0.494,0.494,0.73,0.533,0.143
Kevin Kunnert,1974,1982,7-0,Dubuque,0,No,Inactive,555,0,12104,4031,784,252,616,4602,0.476,0.476,0.682,0.499,
Edmund Lawrence,1981,1981,7-0,Lake Charles,0,No,Inactive,3,,19,4,1,1,0,12,0.625,0.625,0.5,0.615,
Alton Lister,1982,1998,7-0,Dallas,0,No,Inactive,953,582,18965,5996,914,351,1473,6298,0.512,0.512,0.597,0.539,0.111
Brook Lopez,2009,2019,7-0,North Hollywood,1,No,Active,704,667,21777,4611,1065,398,1220,12245,0.499,0.52,0.791,0.567,0.346
Robin Lopez,2009,2019,7-0,North Hollywood,0,No,Active,753,567,17294,3982,619,188,915,6771,0.529,0.53,0.758,0.566,0.233
Todd MacCulloch,2000,2003,7-0,Winnipeg,0,No,Inactive,223,105,3439,888,121,61,177,1369,0.541,0.541,0.642,0.566,
Lauri Markkanen,2018,2019,7-0,Vantaa,0,No,Active,114,113,3540,926,144,74,67,1909,0.433,0.514,0.861,0.554,0.36
Bob Martin,1994,1995,7-0,Minneapolis,0,No,Inactive,54,1,549,119,18,8,34,113,0.441,0.441,0.608,0.489,
Dan McClintock,2001,2001,7-0,Fountain Valley,0,No,Inactive,6,1,58,17,1,0,2,18,0.5,0.5,0,0.446,
JaVale McGee,2009,2019,7-0,Flint,0,No,Active,618,234,10600,3050,226,238,947,4838,0.566,0.566,0.59,0.579,0.087
Fab Melo,2013,2013,7-0,Juiz de Fora,0,No,Inactive,6,0,36,3,0,2,2,7,0.5,0.5,0.25,0.451,
Chris Mihm,2001,2009,7-0,Milwaukee,0,No,Inactive,436,256,8758,2302,223,128,444,3262,0.459,0.459,0.704,0.509,0.231
Darko Miličić,2004,2013,7-0,Novi Sad,0,No,Inactive,468,208,8638,1971,405,206,613,2813,0.46,0.46,0.574,0.481,0
Paul Mokeski,1980,1991,7-0,Spokane,0,No,Inactive,694,38,9739,2342,500,228,307,2764,0.451,0.453,0.694,0.496,0.216
Eric Montross,1995,2002,7-0,Indianapolis,0,No,Inactive,465,288,8479,2159,207,122,275,2071,0.49,0.49,0.478,0.497,0
Ron Moore,1988,1988,7-0,New York City,0,No,Inactive,14,0,59,8,1,5,0,24,0.31,0.31,0.75,0.369,
Donatas Motiejūnas,2013,2017,7-0,Kaunas,0,No,Inactive,248,101,4553,949,268,118,81,1826,0.469,0.508,0.6,0.526,0.3
Byron Mullens,2010,2014,7-0,Canal Winchester,0,No,Inactive,189,66,3446,790,153,74,98,1398,0.408,0.448,0.706,0.474,0.319
Todd Mundt,1996,1996,7-0,Iowa City,0,No,Inactive,33,0,151,28,3,2,5,37,0.39,0.39,0.625,0.416,
Hamady N'Diaye,2011,2014,7-0,Dakar,0,No,Inactive,33,0,157,25,3,2,9,20,0.467,0.467,0.462,0.483,
Mamadou N'Diaye,2001,2005,7-0,Dakar,0,No,Inactive,69,9,858,225,8,17,64,262,0.427,0.427,0.736,0.516,0
Boniface N'Dong,2006,2006,7-0,Dakar,0,No,Inactive,23,1,152,37,7,2,5,50,0.415,0.415,0.667,0.439,0
Radoslav Nesterović,1999,2010,7-0,Ljubljana,0,No,Inactive,811,595,17983,4143,836,330,934,5519,0.502,0.502,0.585,0.511,0.077
Dave Newmark,1969,1970,7-0,Brooklyn,0,No,Inactive,145,,1771,521,100,,,769,0.405,0.405,0.671,0.444,
Rich Niemann,1969,1970,7-0,St. Louis,0,No,Inactive,40,,290,106,18,,,113,0.414,0.414,0.778,0.46,
Lucas Nogueira,2015,2018,7-0,São Gonçalo,0,No,Inactive,141,10,1754,388,72,89,144,446,0.632,0.648,0.64,0.659,0.265
Dirk Nowitzki,1999,2019,7-0,Würzburg,12,No,Active,1507,1446,51049,11416,3636,1206,1273,31393,0.471,0.513,0.879,0.577,0.381
Jusuf Nurkić,2015,2019,7-0,Tuzla,0,No,Active,304,223,6929,2409,570,256,392,3495,0.491,0.491,0.663,0.528,0.073
Patrick O'Bryant,2007,2010,7-0,Oskaloosa,0,No,Inactive,90,3,524,127,25,18,40,186,0.494,0.494,0.583,0.513,0
Greg Oden,2009,2014,7-0,Buffalo,0,No,Inactive,105,66,2028,656,51,40,130,840,0.574,0.574,0.658,0.609,
Hakeem Olajuwon,1985,2002,7-0,Lagos,12,Yes,Inactive,1238,1186,44222,13748,3058,2162,3830,26946,0.512,0.513,0.712,0.553,0.202
Jawann Oldham,1981,1991,7-0,Chicago,0,No,Inactive,329,69,5241,1353,162,97,546,1455,0.479,0.479,0.607,0.504,0
Michael Olowokandi,1999,2007,7-0,Lagos,0,No,Inactive,500,393,13129,3414,327,226,697,4135,0.435,0.435,0.597,0.457,
Kelly Olynyk,2014,2019,7-0,Toronto,0,No,Active,418,79,8941,2033,793,301,190,4150,0.48,0.551,0.762,0.584,0.369
Robert Parish,1977,1997,7-0,Shreveport,9,Yes,Inactive,1611,1134,45704,14715,2180,1219,2361,23334,0.537,0.537,0.721,0.571,0
Justin Patton,2018,2019,7-0,Omaha,0,No,Active,4,0,25,6,3,3,0,7,0.333,0.333,0.5,0.354,0
Oleksiy Pecherov,2008,2010,7-0,Donetsk,0,No,Inactive,111,5,1044,266,20,21,22,438,0.386,0.441,0.793,0.482,0.29
Will Perdue,1989,2001,7-0,Melbourne,0,No,Inactive,792,223,12360,3918,595,226,527,3740,0.515,0.516,0.577,0.537,0.067
Johan Petro,2006,2013,7-0,Paris,0,No,Inactive,473,139,7262,1836,227,193,234,2202,0.462,0.462,0.678,0.484,0.154
Marshall Plumlee,2017,2018,7-0,West Lafayette,0,No,Inactive,29,1,222,68,12,4,5,54,0.515,0.515,0.571,0.558,
Jakob Pöltl,2017,2019,7-0,Vienna,0,No,Active,199,17,3146,881,149,76,166,1070,0.641,0.642,0.568,0.642,0.5
Miroslav Raduljica,2014,2015,7-0,Belgrade,0,No,Inactive,53,2,488,113,23,8,13,189,0.53,0.53,0.825,0.594,
Blair Rasmussen,1986,1993,7-0,Auburn,0,No,Inactive,532,282,11409,3006,467,210,484,5119,0.472,0.473,0.767,0.5,0.257
Željko Rebrača,2002,2006,7-0,Apatin,0,No,Inactive,215,22,3280,688,88,57,160,1276,0.527,0.527,0.792,0.584,
Bryant Reeves,1996,2001,7-0,Fort Smith,0,No,Inactive,395,341,12071,2745,623,200,302,4945,0.475,0.475,0.703,0.515,0.074
Eric Riley,1994,1999,7-0,Cleveland,0,No,Inactive,186,41,1844,479,60,54,132,574,0.456,0.456,0.704,0.509,0
Stanley Roberts,1992,2000,7-0,Hopkins,0,No,Inactive,300,178,5869,1549,189,110,385,2555,0.499,0.499,0.514,0.511,0
Robert Sacre,2013,2016,7-0,Baton Rouge,0,No,Inactive,189,35,2745,593,126,56,110,787,0.436,0.436,0.671,0.475,0
Kevin Salvadori,1997,1998,7-0,Wheeling,0,No,Inactive,39,0,241,45,13,2,24,42,0.283,0.283,0.667,0.371,
Soumaila Samake,2001,2003,7-0,Bougouni,0,No,Inactive,47,1,303,76,5,2,19,68,0.389,0.389,0.462,0.407,
Brad Sellers,1987,1993,7-0,Warrensville Heights,0,No,Inactive,398,123,7154,1064,435,137,246,2509,0.452,0.454,0.793,0.498,0.2
Elmore Smith,1972,1979,7-0,Macon,0,No,Inactive,562,,17879,5962,808,325,1183,7541,0.482,0.482,0.579,0.503,
Jason Smith,2008,2019,7-0,Greeley,0,No,Active,615,104,10015,2074,452,208,408,3769,0.468,0.48,0.783,0.515,0.331
Mike Smrek,1986,1992,7-0,Welland,0,No,Inactive,194,31,1890,422,49,37,150,554,0.431,0.431,0.617,0.475,0
Elmore Spencer,1993,1997,7-0,Atlanta,0,No,Inactive,157,75,2641,555,109,53,170,923,0.516,0.516,0.58,0.534,0
Felton Spencer,1991,2002,7-0,Louisville,0,No,Inactive,640,404,12298,3436,213,248,534,3354,0.484,0.484,0.658,0.539,0
Vladimir Stepania,1999,2004,7-0,Tbilisi,0,No,Inactive,270,19,3726,1180,94,110,144,1118,0.425,0.426,0.536,0.451,0.133
Ed Stokes,1998,1998,7-0,Syracuse,0,No,Inactive,4,0,17,4,1,1,2,3,0.333,0.333,0.5,0.387,
Robert Swift,2005,2009,7-0,Bakersfield,0,No,Inactive,97,34,1500,376,20,26,86,416,0.506,0.506,0.61,0.531,
Žan Tabak,1995,2001,7-0,Split,0,No,Inactive,247,70,3607,883,165,65,126,1233,0.506,0.506,0.525,0.516,0
Mike Tobey,2017,2017,7-0,Monroe,0,No,Inactive,2,0,25,3,1,0,0,2,0.25,0.25,,0.25,
Karl-Anthony Towns,2016,2019,7-0,Edison,2,No,Active,311,311,10734,3672,791,236,468,6906,0.539,0.577,0.837,0.621,0.392
Nikoloz Tskitishvili,2003,2006,7-0,Tbilisi,0,No,Inactive,172,16,1946,307,114,46,50,507,0.304,0.338,0.73,0.375,0.235
Jonas Valančiūnas,2013,2019,7-0,Utena,0,No,Active,481,453,12050,4049,372,181,494,5717,0.56,0.565,0.787,0.612,0.364
Brett Vroman,1981,1981,7-0,Hollywood,0,No,Inactive,11,,93,25,9,5,5,34,0.37,0.37,0.737,0.481,0
Nikola Vučević,2012,2019,7-0,Morges,1,No,Active,524,463,15727,5295,1270,448,500,8150,0.502,0.514,0.736,0.534,0.336
Chris Welp,1988,1990,7-0,Delmenhorst,0,No,Inactive,109,3,1173,265,43,34,54,359,0.446,0.446,0.681,0.492,0
Thomas Welsh,2019,2019,7-0,Torrance,0,No,Inactive,11,0,36,4,5,0,0,18,0.538,0.654,0.5,0.648,0.429
Bill Wennington,1986,2000,7-0,Montreal,0,No,Inactive,720,88,9740,2148,440,226,248,3301,0.459,0.46,0.787,0.499,0.139
Hassan Whiteside,2011,2019,7-0,Gastonia,0,No,Active,329,259,8697,3793,198,208,778,4436,0.571,0.572,0.595,0.587,0.222
Kevin Willis,1985,2007,7-0,Los Angeles,1,No,Inactive,1424,891,38362,11901,1328,958,750,17253,0.487,0.488,0.713,0.525,0.211
Trevor Winter,1999,1999,7-0,Slayton,0,No,Inactive,1,0,5,3,0,0,0,0,,,,,
Jeff Withey,2014,2018,7-0,San Diego,0,No,Inactive,206,15,2072,518,64,56,156,666,0.525,0.527,0.716,0.578,0.143
Luke Witte,1974,1976,7-0,Philadelphia,0,No,Inactive,118,,1098,357,60,13,45,372,0.402,0.402,0.685,0.444,
Tim Young,2000,2000,7-0,Santa Cruz,0,No,Inactive,25,0,137,35,5,2,1,54,0.333,0.333,0.778,0.492,
Cody Zeller,2014,2019,7-0,Washington,0,No,Active,361,213,8272,2085,495,245,273,2969,0.511,0.513,0.74,0.57,0.263
Tyler Zeller,2013,2019,7-0,Visalia,0,No,Active,408,165,7168,1798,364,103,238,2825,0.508,0.51,0.764,0.553,0.286
Wang Zhizhi,2001,2005,7-0,Beijing,0,No,Inactive,137,1,1256,231,39,25,35,604,0.417,0.485,0.735,0.525,0.385
George Zidek,1996,1998,7-0,Zlín,0,No,Inactive,135,23,1328,286,32,14,12,453,0.408,0.409,0.783,0.484,0.25
Stephen Zimmerman,2017,2017,7-0,Hendersonville,0,No,Inactive,19,0,108,35,4,2,5,23,0.323,0.323,0.6,0.346,
